,MSE,MAE,R2
Custom Random Forest,23236.223014820123,116.07704132572965,0.266195446889142
LLM Random Forest,9803.327519086784,71.86171551273193,0.6904089634294405
Sklearn Random Forest,7184.1285195496,56.65581059927563,0.7731237897649402
Linear Regression,1.0422086290341307e-25,2.3550599521926586e-13,1.0
