,MSE,MAE,R2
Custom Random Forest,17615.607293804624,100.56865969524347,0.443695611383908
LLM Random Forest,10859.956218267498,78.18973320414861,0.6570404185539723
Sklearn Random Forest,390.1259818698376,11.280608897052488,0.9876797437517989
Linear Regression,8.629218921873829e-26,2.1399529635846245e-13,1.0
